{
  "churn_auc_roc": 0.6159396790541769,
  "churn_auc_pr": 0.26740011784247,
  "conv_auc_roc": 0.5621751170902598,
  "conv_auc_pr": 0.1776853670022478
}